SET FOREIGN_KEY_CHECKS=0;
SET SQL_MODE='NO_AUTO_VALUE_ON_ZERO';
CREATE TABLE IF NOT EXISTS `migrations` (`id` int(11) NOT NULL AUTO_INCREMENT PRIMARY KEY, `migration` varchar(255) not null, `batch` int(11) not null);
INSERT INTO `migrations` VALUES(1,'0001_01_01_000000_create_users_table',1);
INSERT INTO `migrations` VALUES(2,'0001_01_01_000001_create_cache_table',1);
INSERT INTO `migrations` VALUES(3,'0001_01_01_000002_create_jobs_table',1);
INSERT INTO `migrations` VALUES(4,'2026_06_22_085808_create_menu_items_table',1);
INSERT INTO `migrations` VALUES(5,'2026_06_22_085808_create_order_items_table',1);
INSERT INTO `migrations` VALUES(6,'2026_06_22_085808_create_orders_table',1);
INSERT INTO `migrations` VALUES(7,'2026_06_22_090206_create_personal_access_tokens_table',1);
INSERT INTO `migrations` VALUES(8,'2026_06_22_095805_create_categories_table',1);
INSERT INTO `migrations` VALUES(9,'2026_06_22_110425_add_coordinates_to_orders_table',1);
INSERT INTO `migrations` VALUES(10,'2026_06_22_115554_create_marketing_cards_table',1);
INSERT INTO `migrations` VALUES(11,'2026_06_29_163705_add_prep_time_to_orders_table',2);
INSERT INTO `migrations` VALUES(12,'2026_06_29_235804_create_delivery_fee_settings_table',3);
INSERT INTO `migrations` VALUES(13,'2026_06_30_000237_make_customer_email_nullable_in_orders_table',4);
INSERT INTO `migrations` VALUES(14,'2026_07_01_203020_create_reviews_table',5);
INSERT INTO `migrations` VALUES(15,'2026_07_01_205916_add_admin_reply_to_reviews_table',6);
INSERT INTO `migrations` VALUES(16,'2026_07_02_182326_add_dine_in_fields_to_orders_table',7);
INSERT INTO `migrations` VALUES(17,'2026_07_02_184800_create_receipt_settings_table',8);
INSERT INTO `migrations` VALUES(18,'2026_07_02_190800_add_whatsapp_gateway_to_receipt_settings',9);
INSERT INTO `migrations` VALUES(19,'2026_07_02_191600_add_whatsapp_image_url_to_receipt_settings',10);
INSERT INTO `migrations` VALUES(20,'2026_07_03_100000_add_distance_delivery_to_receipt_settings',11);
INSERT INTO `migrations` VALUES(21,'2026_07_03_100500_add_distance_km_to_orders_table',12);
INSERT INTO `migrations` VALUES(22,'2026_07_03_101000_convert_delivery_fee_settings_to_distance',13);
INSERT INTO `migrations` VALUES(23,'2026_07_03_101500_add_min_order_amount_to_delivery_fee_settings',14);
CREATE TABLE IF NOT EXISTS `users` (`id` int(11) NOT NULL AUTO_INCREMENT PRIMARY KEY, `name` varchar(255) not null, `email` varchar(255) not null, `email_verified_at` datetime, `password` varchar(255) not null, `remember_token` varchar(255), `created_at` datetime, `updated_at` datetime);
INSERT INTO `users` VALUES(1,'Swaad E Punjab Admin','admin@example.com',NULL,'$2y$12$Sqxz9.XbX6L8kmfWCAeDDu0toU4JEnqETyCLc2z8AXktmU8/b.qp.','LXJgGm5RLArVfAMWmXkq8GxWdZRwqLI8wwkKiUiN0oF34cnAhAUOAaLrNIu0','2026-06-27 12:37:07','2026-07-01 12:17:30');
CREATE TABLE IF NOT EXISTS `password_reset_tokens` (`email` varchar(255) not null, `token` varchar(255) not null, `created_at` datetime, primary key (`email`));
CREATE TABLE IF NOT EXISTS `sessions` (`id` varchar(255) not null, `user_id` int(11), `ip_address` varchar(255), `user_agent` text, `payload` text not null, `last_activity` int(11) not null, primary key (`id`));
INSERT INTO `sessions` VALUES('7rKmzYvnIk3aRz43YscjiMK5syLEHxFCU7Y9rorV',1,'127.0.0.1','Mozilla/5.0 (Macintosh; Intel Mac OS X 10_15_7) AppleWebKit/537.36 (KHTML, like Gecko) Chrome/149.0.0.0 Safari/537.36','eyJfdG9rZW4iOiJyTFlEVU9nTnlMc1p4aU4yb0FxdDk4N3lRb3REeHR4cEJtUEs3a2lBIiwibG9naW5fd2ViXzU5YmEzNmFkZGMyYjJmOTQwMTU4MGYwMTRjN2Y1OGVhNGUzMDk4OWQiOjEsIl9mbGFzaCI6eyJvbGQiOltdLCJuZXciOltdfSwicGFzc3dvcmRfaGFzaF93ZWIiOiJhYjk0NGVmZDg4OTEyOGNiYmYxYTNiNTU5NzFjOTQwMTI5ZWVmYWQ2YTFkYTRkZDc4ODYyN2U3MmJiMDRlNGI3IiwiX3ByZXZpb3VzIjp7InVybCI6Imh0dHA6XC9cLzEyNy4wLjAuMTo4MDAwXC9hZG1pblwvb3JkZXJzIiwicm91dGUiOiJmaWxhbWVudC5hZG1pbi5yZXNvdXJjZXMub3JkZXJzLmluZGV4In0sImZpbGFtZW50IjpbXX0=',1783172046);
INSERT INTO `sessions` VALUES('LBMNjdXX17o7S5rmOuhy1Wy2nkBu1EGHPmohfEvK',NULL,'127.0.0.1','Mozilla/5.0 (Macintosh; Intel Mac OS X 10_11_1) AppleWebKit/601.2.4 (KHTML, like Gecko) Version/9.0.1 Safari/601.2.4 facebookexternalhit/1.1 Facebot Twitterbot/1.0','eyJfdG9rZW4iOiJZbXBwRVNDTWZuaW1nVHZJZU9CR1ZiSlN0NHpGY29EN1BOWWxDQWV2IiwidXJsIjp7ImludGVuZGVkIjoiaHR0cDpcL1wvMTI3LjAuMC4xOjgwMDBcL2FkbWluXC9vcmRlcnMifSwiX3ByZXZpb3VzIjp7InVybCI6Imh0dHA6XC9cLzEyNy4wLjAuMTo4MDAwXC9hZG1pblwvbG9naW4iLCJyb3V0ZSI6ImZpbGFtZW50LmFkbWluLmF1dGgubG9naW4ifSwiX2ZsYXNoIjp7Im9sZCI6W10sIm5ldyI6W119fQ==',1783155296);
INSERT INTO `sessions` VALUES('XAHkpH2ZAjAyuDmYwYlp9A2SxDGdVnkoS2ioNHvQ',1,'127.0.0.1','Mozilla/5.0 (Macintosh; Intel Mac OS X 10_15_7) AppleWebKit/537.36 (KHTML, like Gecko) Chrome/149.0.0.0 Safari/537.36','eyJfdG9rZW4iOiJBejVpcEtoZFV5R3hpVGs3VTg3OUJtQjRvTEQ2OERhVjdVb0xNVXlKIiwibG9naW5fd2ViXzU5YmEzNmFkZGMyYjJmOTQwMTU4MGYwMTRjN2Y1OGVhNGUzMDk4OWQiOjEsIl9mbGFzaCI6eyJvbGQiOltdLCJuZXciOltdfX0=',1783227794);
INSERT INTO `sessions` VALUES('7StEOv5WXe6XRxZWMiwekCVR4HjKDaNws0TQgBGm',1,'127.0.0.1','Mozilla/5.0 (Macintosh; Intel Mac OS X 10_15_7) AppleWebKit/537.36 (KHTML, like Gecko) Chrome/149.0.0.0 Safari/537.36','eyJfdG9rZW4iOiJSNlhTeUhWQ1g4dUJsTE9rQ3Y0V2hxaXA4YzhOMUdWYVF5Q3dGU2ZNIiwibG9naW5fd2ViXzU5YmEzNmFkZGMyYjJmOTQwMTU4MGYwMTRjN2Y1OGVhNGUzMDk4OWQiOjEsIl9mbGFzaCI6eyJvbGQiOltdLCJuZXciOltdfX0=',1783244488);
INSERT INTO `sessions` VALUES('wFCeMIUQbabYcnOSeXncWULCKToyl8WqQFI2nSmu',1,'127.0.0.1','Mozilla/5.0 (Macintosh; Intel Mac OS X 10_15_7) AppleWebKit/537.36 (KHTML, like Gecko) Chrome/149.0.0.0 Safari/537.36','eyJfdG9rZW4iOiJFallleVVWNVFURnVDbkZpM05vRlgzaGJrODg3RENRYnRtd252TDNXIiwibG9naW5fd2ViXzU5YmEzNmFkZGMyYjJmOTQwMTU4MGYwMTRjN2Y1OGVhNGUzMDk4OWQiOjEsIl9mbGFzaCI6eyJvbGQiOltdLCJuZXciOltdfSwicGFzc3dvcmRfaGFzaF93ZWIiOiJhYjk0NGVmZDg4OTEyOGNiYmYxYTNiNTU5NzFjOTQwMTI5ZWVmYWQ2YTFkYTRkZDc4ODYyN2U3MmJiMDRlNGI3IiwiX3ByZXZpb3VzIjp7InVybCI6Imh0dHA6XC9cLzEyNy4wLjAuMTo4MDAwXC9hZG1pbiIsInJvdXRlIjoiZmlsYW1lbnQuYWRtaW4ucGFnZXMuZGFzaGJvYXJkIn19',1783258116);
CREATE TABLE IF NOT EXISTS `cache` (`key` varchar(255) not null, `value` text not null, `expiration` int(11) not null, primary key (`key`));
INSERT INTO `cache` VALUES('swaad-e-punjab-cache-356a192b7913b04c54574d18c28d46e6395428ab:timer','i:1782920269;',1782920269);
INSERT INTO `cache` VALUES('swaad-e-punjab-cache-356a192b7913b04c54574d18c28d46e6395428ab','i:1;',1782920269);
INSERT INTO `cache` VALUES('swaad-e-punjab-cache-livewire-rate-limiter:a17961fa74e9275d529f489537f179c05d50c2f3:timer','i:1782996446;',1782996446);
INSERT INTO `cache` VALUES('swaad-e-punjab-cache-livewire-rate-limiter:a17961fa74e9275d529f489537f179c05d50c2f3','i:1;',1782996446);
CREATE TABLE IF NOT EXISTS `cache_locks` (`key` varchar(255) not null, `owner` varchar(255) not null, `expiration` int(11) not null, primary key (`key`));
CREATE TABLE IF NOT EXISTS `jobs` (`id` int(11) NOT NULL AUTO_INCREMENT PRIMARY KEY, `queue` varchar(255) not null, `payload` text not null, `attempts` int(11) not null, `reserved_at` int(11), `available_at` int(11) not null, `created_at` int(11) not null);
CREATE TABLE IF NOT EXISTS `job_batches` (`id` varchar(255) not null, `name` varchar(255) not null, `total_jobs` int(11) not null, `pending_jobs` int(11) not null, `failed_jobs` int(11) not null, `failed_job_ids` text not null, `options` text, `cancelled_at` int(11), `created_at` int(11) not null, `finished_at` int(11), primary key (`id`));
CREATE TABLE IF NOT EXISTS `failed_jobs` (`id` int(11) NOT NULL AUTO_INCREMENT PRIMARY KEY, `uuid` varchar(255) not null, `connection` varchar(255) not null, `queue` varchar(255) not null, `payload` text not null, `exception` text not null, `failed_at` datetime not null default CURRENT_TIMESTAMP);
CREATE TABLE IF NOT EXISTS `menu_items` (`id` int(11) NOT NULL AUTO_INCREMENT PRIMARY KEY, `name` varchar(255) not null, `description` text, `category` varchar(255) not null, `price` decimal(10,2) not null, `image` varchar(255), `prep_time` int(11) default '20', `rating` decimal(10,2) not null default '4.5', `is_available` tinyint(1) not null default '1', `is_featured` tinyint(1) not null default '0', `created_at` datetime, `updated_at` datetime);
INSERT INTO `menu_items` VALUES(266,'PUNJ',NULL,'punjabi_sabji',139,NULL,20,4.5,1,0,'2026-07-01 20:12:29','2026-07-01 20:12:29');
INSERT INTO `menu_items` VALUES(267,'Amritsari Naan','Stuffed With Vegetables & Amritsari runidol masale, churney, cneass,','punjabi_sabji',149,NULL,20,5,1,0,'2026-07-01 20:12:29','2026-07-01 20:45:12');
INSERT INTO `menu_items` VALUES(268,'Stuffed With Vegetables & Amritsari','runidol masale, churney, cneass, Pickle & Onion','punjabi_sabji',149,NULL,20,4.5,1,0,'2026-07-01 20:12:29','2026-07-01 20:12:29');
INSERT INTO `menu_items` VALUES(269,'runidol masale, churney, cneass,','Pickle & Onion','punjabi_sabji',149,NULL,20,4.5,1,0,'2026-07-01 20:12:29','2026-07-01 20:12:29');
INSERT INTO `menu_items` VALUES(270,'Pickle & Onion',NULL,'punjabi_sabji',149,NULL,20,4.5,1,0,'2026-07-01 20:12:29','2026-07-01 20:12:29');
INSERT INTO `menu_items` VALUES(271,'Amritsar Fix','Tandoori Roti, 1 Panner Sak','punjabi_sabji',189,NULL,20,4.5,1,0,'2026-07-01 20:12:29','2026-07-01 20:12:29');
INSERT INTO `menu_items` VALUES(272,'Tandoori Roti, 1 Panner Sak',NULL,'punjabi_sabji',189,NULL,20,4.5,1,0,'2026-07-01 20:12:29','2026-07-01 20:12:29');
INSERT INTO `menu_items` VALUES(273,'Special Punjabi','2 Tandoori Roti, 1 Panner Sabji | Veg Sabji / Chole, val rly, Rice, rapaa, salaa, I Gulae amun, I chass','punjabi_sabji',219,NULL,20,4.5,1,0,'2026-07-01 20:12:29','2026-07-01 20:12:29');
INSERT INTO `menu_items` VALUES(274,'2 Tandoori Roti, 1 Panner Sabji | Veg Sabji / Chole,','val rly, Rice, rapaa, salaa, I Gulae amun, I chass','punjabi_sabji',219,NULL,20,4.5,1,0,'2026-07-01 20:12:29','2026-07-01 20:12:29');
INSERT INTO `menu_items` VALUES(275,'val rly, Rice, rapaa, salaa, I Gulae amun, I chass',NULL,'rice_combo',219,NULL,20,4.5,1,0,'2026-07-01 20:12:29','2026-07-01 20:12:29');
INSERT INTO `menu_items` VALUES(276,'Delux Punjabi','Paneer Butter Masala, Chan Neg, I 2 Gulab Jamun, Chass','special_combo',249,NULL,20,4.5,1,0,'2026-07-01 20:12:29','2026-07-01 20:12:29');
INSERT INTO `menu_items` VALUES(277,'Paneer Butter Masala, Chan Neg, I','2 Gulab Jamun, Chass','punjabi_sabji',249,NULL,20,4.5,1,0,'2026-07-01 20:12:29','2026-07-01 20:12:29');
INSERT INTO `menu_items` VALUES(278,'Dal Makhani,','Fry, Salad','punjabi_sabji',249,NULL,20,4.5,1,0,'2026-07-01 20:12:29','2026-07-01 20:12:29');
INSERT INTO `menu_items` VALUES(279,'Fry, Salad',NULL,'punjabi_sabji',249,NULL,20,4.5,1,0,'2026-07-01 20:12:29','2026-07-01 20:12:29');
INSERT INTO `menu_items` VALUES(280,'2 Gulab Jamun, Chass',NULL,'punjabi_sabji',249,NULL,20,4.5,1,0,'2026-07-01 20:12:29','2026-07-01 20:12:29');
INSERT INTO `menu_items` VALUES(281,'Paneer Butter','Masala Thali Paneer Butter Misd much lasala, 1 Lachha Paratha,','punjabi_sabji',159,NULL,20,4.5,1,0,'2026-07-01 20:12:29','2026-07-01 20:12:29');
INSERT INTO `menu_items` VALUES(282,'Masala Thali','Paneer Butter Misd much','special_combo',159,NULL,20,4.5,1,0,'2026-07-01 20:12:29','2026-07-01 20:12:29');
INSERT INTO `menu_items` VALUES(283,'Paneer Butter Misd much',NULL,'punjabi_sabji',159,NULL,20,4.5,1,0,'2026-07-01 20:12:29','2026-07-01 20:12:29');
INSERT INTO `menu_items` VALUES(284,'lasala, 1 Lachha Paratha,',NULL,'punjabi_sabji',159,NULL,20,4.5,1,0,'2026-07-01 20:12:29','2026-07-01 20:12:29');
INSERT INTO `menu_items` VALUES(285,'Amritsari Chana,','Jeera Rice','punjabi_sabji',149,NULL,20,4.5,1,0,'2026-07-01 20:12:29','2026-07-01 20:12:29');
INSERT INTO `menu_items` VALUES(286,'Jeera Rice',NULL,'rice_combo',149,NULL,20,4.5,1,0,'2026-07-01 20:12:29','2026-07-01 20:12:29');
INSERT INTO `menu_items` VALUES(287,'Dal','Makhani','punjabi_sabji',159,NULL,20,4.5,1,0,'2026-07-01 20:12:29','2026-07-01 20:12:29');
INSERT INTO `menu_items` VALUES(288,'Makhani',NULL,'punjabi_sabji',159,NULL,20,4.5,1,0,'2026-07-01 20:12:29','2026-07-01 20:12:29');
INSERT INTO `menu_items` VALUES(289,'Paneer','Lababdar','punjabi_sabji',169,NULL,20,4.5,1,0,'2026-07-01 20:12:29','2026-07-01 20:12:29');
INSERT INTO `menu_items` VALUES(290,'Lababdar',NULL,'punjabi_sabji',169,NULL,20,4.5,1,0,'2026-07-01 20:12:29','2026-07-01 20:12:29');
INSERT INTO `menu_items` VALUES(291,'Roti',NULL,'punjabi_sabji',149,NULL,20,4.5,1,0,'2026-07-01 20:12:29','2026-07-01 20:12:29');
INSERT INTO `menu_items` VALUES(292,'Naan',NULL,'punjabi_sabji',159,NULL,20,4.5,1,0,'2026-07-01 20:12:29','2026-07-01 20:12:29');
INSERT INTO `menu_items` VALUES(293,'1laccha','Paratha','punjabi_sabji',169,NULL,20,4.5,1,0,'2026-07-01 20:12:29','2026-07-01 20:12:29');
INSERT INTO `menu_items` VALUES(294,'Paratha',NULL,'punjabi_sabji',169,NULL,20,4.5,1,0,'2026-07-01 20:12:29','2026-07-01 20:12:29');
INSERT INTO `menu_items` VALUES(295,'Chur Chur Naan','Aloo Chur Chur Naan.. Mix Veg Chur Chur Naan.. Paneer Chur Chur Naan..','chur_chur_naan',159,NULL,20,4.5,1,0,'2026-07-01 20:12:29','2026-07-01 20:12:29');
INSERT INTO `menu_items` VALUES(296,'Aloo Chur Chur Naan','Mix Veg Chur Chur Naan.. Paneer Chur Chur Naan.. Cheese Paneer Chur Chur Naan..','chur_chur_naan',179,NULL,20,4.5,1,0,'2026-07-01 20:12:29','2026-07-01 20:12:29');
INSERT INTO `menu_items` VALUES(297,'Mix Veg Chur Chur Naan','Paneer Chur Chur Naan.. Cheese Paneer Chur Chur Naan.. Garlic Paneer Chur Chur Naan..','chur_chur_naan',189,NULL,20,4.5,1,0,'2026-07-01 20:12:29','2026-07-01 20:12:29');
INSERT INTO `menu_items` VALUES(298,'Paneer Chur Chur Naan','Cheese Paneer Chur Chur Naan.. Garlic Paneer Chur Chur Naan.. Aloo Pyaaz Chur Chur Naan... Naan.','chur_chur_naan',199,NULL,20,4.5,1,0,'2026-07-01 20:12:29','2026-07-01 20:12:29');
INSERT INTO `menu_items` VALUES(299,'Cheese Paneer Chur Chur Naan','Garlic Paneer Chur Chur Naan.. Aloo Pyaaz Chur Chur Naan... Naan. Chilly Garlic.','chur_chur_naan',209,NULL,20,4.5,1,0,'2026-07-01 20:12:29','2026-07-01 20:12:29');
INSERT INTO `menu_items` VALUES(300,'Garlic Paneer Chur Chur Naan','Aloo Pyaaz Chur Chur Naan... Naan. Chilly Garlic. Hariyali Naan.','chur_chur_naan',199,NULL,20,4.5,1,0,'2026-07-01 20:12:29','2026-07-01 20:12:29');
INSERT INTO `menu_items` VALUES(301,'Aloo Pyaaz Chur Chur Naan','Naan. Chilly Garlic. Hariyali Naan. Cheese Chilly Garlic.','chur_chur_naan',219,NULL,20,4.5,1,0,'2026-07-01 20:12:29','2026-07-01 20:12:29');
INSERT INTO `menu_items` VALUES(302,'Naan','Chilly Garlic. Hariyali Naan. Cheese Chilly Garlic.','punjabi_sabji',129,NULL,20,4.5,1,0,'2026-07-01 20:12:29','2026-07-01 20:12:29');
INSERT INTO `menu_items` VALUES(303,'Chilly Garlic','Hariyali Naan. Cheese Chilly Garlic. Cheese Naan.','punjabi_sabji',139,NULL,20,4.5,1,0,'2026-07-01 20:12:29','2026-07-01 20:12:29');
INSERT INTO `menu_items` VALUES(304,'Hariyali Naan','Cheese Chilly Garlic. Cheese Naan.','punjabi_sabji',149,NULL,20,4.5,1,0,'2026-07-01 20:12:29','2026-07-01 20:12:29');
INSERT INTO `menu_items` VALUES(305,'Cheese Chilly Garlic','Cheese Naan.','punjabi_sabji',159,NULL,20,4.5,1,0,'2026-07-01 20:12:29','2026-07-01 20:12:29');
INSERT INTO `menu_items` VALUES(306,'Cheese Naan',NULL,'punjabi_sabji',159,NULL,20,4.5,1,0,'2026-07-01 20:12:29','2026-07-01 20:12:29');
INSERT INTO `menu_items` VALUES(307,'Dal Makhani','Veg Kolhapuri Paneer Tikka Paneer Butter Masala','punjabi_sabji',149,NULL,20,4.5,1,0,'2026-07-01 20:12:29','2026-07-01 20:12:29');
INSERT INTO `menu_items` VALUES(308,'Veg Kolhapuri','Paneer Tikka Paneer Butter Masala Paneer kadai','punjabi_sabji',159,NULL,20,4.5,1,0,'2026-07-01 20:12:29','2026-07-01 20:12:29');
INSERT INTO `menu_items` VALUES(309,'Paneer Tikka','Paneer Butter Masala Paneer kadai Sahi Paneer','punjabi_sabji',169,NULL,20,4.5,1,0,'2026-07-01 20:12:29','2026-07-01 20:12:29');
INSERT INTO `menu_items` VALUES(310,'Paneer Butter Masala','Paneer kadai Sahi Paneer Sp. Amritsar','punjabi_sabji',179,NULL,20,4.5,1,0,'2026-07-01 20:12:29','2026-07-01 20:12:29');
INSERT INTO `menu_items` VALUES(311,'Paneer kadai','Sahi Paneer Sp. Amritsar Cheese Angoori','punjabi_sabji',169,NULL,20,4.5,1,0,'2026-07-01 20:12:29','2026-07-01 20:12:29');
INSERT INTO `menu_items` VALUES(312,'Sahi Paneer','Sp. Amritsar Cheese Angoori Veg Handi','punjabi_sabji',169,NULL,20,4.5,1,0,'2026-07-01 20:12:29','2026-07-01 20:12:29');
INSERT INTO `menu_items` VALUES(313,'Sp. Amritsar','Cheese Angoori Veg Handi Mix Veg','punjabi_sabji',199,NULL,20,4.5,1,0,'2026-07-01 20:12:29','2026-07-01 20:12:29');
INSERT INTO `menu_items` VALUES(314,'Cheese Angoori','Veg Handi Mix Veg','punjabi_sabji',209,NULL,20,4.5,1,0,'2026-07-01 20:12:29','2026-07-01 20:12:29');
INSERT INTO `menu_items` VALUES(315,'Veg Handi','Mix Veg','punjabi_sabji',159,NULL,20,4.5,1,0,'2026-07-01 20:12:29','2026-07-01 20:12:29');
INSERT INTO `menu_items` VALUES(316,'Mix Veg',NULL,'punjabi_sabji',129,NULL,20,4.5,1,0,'2026-07-01 20:12:29','2026-07-01 20:12:29');
INSERT INTO `menu_items` VALUES(317,'Chana& 4 PURI',NULL,'punjabi_sabji',119,NULL,20,4.5,1,0,'2026-07-01 20:12:29','2026-07-01 20:12:29');
INSERT INTO `menu_items` VALUES(318,'Kaju Curry With Hariyali Naa','Cheese Butter Masala With Chur Chur Naan. Amritsari Paneer With Gartic Naan.','punjabi_sabji',219,NULL,20,4.5,1,0,'2026-07-01 20:12:29','2026-07-01 20:12:29');
INSERT INTO `menu_items` VALUES(319,'Cheese Butter Masala With Chur Chur Naan','Amritsari Paneer With Gartic Naan.','chur_chur_naan',239,NULL,20,4.5,1,0,'2026-07-01 20:12:29','2026-07-01 20:12:29');
INSERT INTO `menu_items` VALUES(320,'Amritsari Paneer With Gartic Naan',NULL,'sabji_combo',219,NULL,20,4.5,1,0,'2026-07-01 20:12:29','2026-07-01 20:12:29');
INSERT INTO `menu_items` VALUES(321,'Jerra Aloo + 3 Tawa Roti + 1 Chass','Jerra Aloo + 4 Puri + 1 Chass.....','aloo_combo',149,NULL,20,4.5,1,0,'2026-07-01 20:12:29','2026-07-01 20:12:29');
INSERT INTO `menu_items` VALUES(322,'Jerra Aloo + 4 Puri + 1 Chass',NULL,'aloo_combo',239,NULL,20,4.5,1,0,'2026-07-01 20:12:29','2026-07-01 20:12:29');
INSERT INTO `menu_items` VALUES(323,'Aloo Matar + 3 Tawa Roti+ 1 Chas',NULL,'aloo_combo',49,NULL,20,4.5,1,0,'2026-07-01 20:12:29','2026-07-01 20:12:29');
INSERT INTO `menu_items` VALUES(324,'Veg Pulao + Raita + Lachha Onion','Chana Pulao + Chass... Mag Pulao + Chass..','rice_combo',129,NULL,20,4.5,1,0,'2026-07-01 20:12:29','2026-07-01 20:12:29');
INSERT INTO `menu_items` VALUES(325,'Free delevery within 5 km minimum order Value','WE ACCEPT PARTY ORDERS:','punjabi_sabji',500,NULL,20,4.5,1,0,'2026-07-01 20:12:29','2026-07-01 20:12:29');
CREATE TABLE IF NOT EXISTS `order_items` (`id` int(11) NOT NULL AUTO_INCREMENT PRIMARY KEY, `order_id` int(11) not null, `menu_item_id` int(11) not null, `name` varchar(255) not null, `price` decimal(10,2) not null, `quantity` int(11) not null, `subtotal` decimal(10,2) not null, `created_at` datetime, `updated_at` datetime, foreign key(`order_id`) references `orders`(`id`) on delete cascade, foreign key(`menu_item_id`) references `menu_items`(`id`) on delete cascade);
INSERT INTO `order_items` VALUES(30,26,267,'Amritsari Naan',149,1,149,'2026-07-01 20:44:30','2026-07-01 20:44:30');
INSERT INTO `order_items` VALUES(31,27,266,'PUNJ',139,1,139,'2026-07-01 21:18:02','2026-07-01 21:18:02');
INSERT INTO `order_items` VALUES(34,30,271,'Amritsar Fix',189,1,189,'2026-07-02 18:36:58','2026-07-02 18:36:58');
INSERT INTO `order_items` VALUES(35,31,266,'PUNJ',139,1,139,'2026-07-02 19:05:49','2026-07-02 19:05:49');
INSERT INTO `order_items` VALUES(36,32,266,'PUNJ',139,1,139,'2026-07-02 19:11:49','2026-07-02 19:11:49');
INSERT INTO `order_items` VALUES(37,33,270,'Pickle & Onion',149,1,149,'2026-07-03 10:03:16','2026-07-03 10:03:16');
INSERT INTO `order_items` VALUES(38,34,267,'Amritsari Naan',149,1,149,'2026-07-03 13:58:42','2026-07-03 13:58:42');
INSERT INTO `order_items` VALUES(39,34,269,'runidol masale, churney, cneass,',149,1,149,'2026-07-03 13:58:42','2026-07-03 13:58:42');
INSERT INTO `order_items` VALUES(40,35,268,'Stuffed With Vegetables & Amritsari',149,1,149,'2026-07-04 15:10:29','2026-07-04 15:10:29');
INSERT INTO `order_items` VALUES(41,35,267,'Amritsari Naan',149,1,149,'2026-07-04 15:10:29','2026-07-04 15:10:29');
CREATE TABLE IF NOT EXISTS `personal_access_tokens` (`id` int(11) NOT NULL AUTO_INCREMENT PRIMARY KEY, `tokenable_type` varchar(255) not null, `tokenable_id` int(11) not null, `name` text not null, `token` varchar(255) not null, `abilities` text, `last_used_at` datetime, `expires_at` datetime, `created_at` datetime, `updated_at` datetime);
CREATE TABLE IF NOT EXISTS `categories` (`id` int(11) NOT NULL AUTO_INCREMENT PRIMARY KEY, `name` varchar(255) not null, `slug` varchar(255) not null, `emoji` varchar(255) not null default '🍽️', `description` text, `is_active` tinyint(1) not null default '1', `sort_order` int(11) not null default '0', `created_at` datetime, `updated_at` datetime);
INSERT INTO `categories` VALUES(1,'Special Combos','special_combo','🍱','Hearty combinations and thalis',1,1,'2026-06-30 19:36:20','2026-06-30 19:36:20');
INSERT INTO `categories` VALUES(2,'Chur Chur Naan','chur_chur_naan','🫓','Crispy Chur Chur Naan Combos with Dal Makhani or Paneer Lababdar',1,2,'2026-06-30 19:36:20','2026-06-30 19:36:20');
INSERT INTO `categories` VALUES(3,'Punjabi Sabji','punjabi_sabji','🍲','Delicious curries served with 2 Butter Roti (default)',1,3,'2026-06-30 19:36:20','2026-06-30 19:36:20');
INSERT INTO `categories` VALUES(4,'Sabji Combo','sabji_combo','🍛','Curry & Naan pairings',1,4,'2026-06-30 19:36:20','2026-06-30 19:36:20');
INSERT INTO `categories` VALUES(5,'Aloo Combo','aloo_combo','🥔','Delectable potato meals served with Roti/Puri & Chaas',1,5,'2026-06-30 19:36:20','2026-06-30 19:36:20');
INSERT INTO `categories` VALUES(6,'Rice Combo','rice_combo','🍚','Fragrant rice pairings served with Raita or Chaas',1,6,'2026-06-30 19:36:20','2026-06-30 19:36:20');
INSERT INTO `categories` VALUES(7,'combo','combo','🍽️',NULL,1,0,'2026-07-01 19:37:28','2026-07-01 19:37:28');
CREATE TABLE IF NOT EXISTS `marketing_cards` (`id` int(11) NOT NULL AUTO_INCREMENT PRIMARY KEY, `tag` varchar(255) not null default 'PROMO', `title` varchar(255) not null, `description` text, `price` varchar(255), `menu_item_id` int(11), `video_url` varchar(255), `image_path` varchar(255), `is_active` tinyint(1) not null default '1', `sort_order` int(11) not null default '0', `created_at` datetime, `updated_at` datetime, foreign key(`menu_item_id`) references `menu_items`(`id`) on delete set null);
INSERT INTO `marketing_cards` VALUES(1,'PROMO','Combo Lunch Offer','Enjoy a delicious veg combo at 20% off!','₹150',NULL,NULL,'hero_food_banner.png',1,1,'2026-06-29 14:58:55','2026-06-29 14:58:55');
INSERT INTO `marketing_cards` VALUES(2,'NEW','Family Feast','A special feast for the whole family, includes 5 dishes.','₹500',NULL,NULL,'hero_food_banner.png',1,2,'2026-06-29 14:58:55','2026-06-29 14:58:55');
INSERT INTO `marketing_cards` VALUES(3,'FEATURED','Taste the Legacy of Punjab','Order authentic Punjabi spreads with rich desi ghee, buttery paneer, and crispy naans!',NULL,NULL,NULL,'swaad_e_punjab_marketing_banner.jpg',1,0,'2026-07-01 21:05:34','2026-07-01 21:05:34');
INSERT INTO `marketing_cards` VALUES(4,' BEST SELLER','best food in swaad E punjab',NULL,NULL,NULL,NULL,'marketing/01KWF56XNN09SMCMGS4V4T321R.jpg',1,0,'2026-07-01 21:06:54','2026-07-01 21:06:54');
CREATE TABLE IF NOT EXISTS `delivery_fee_settings` (`id` int(11) NOT NULL AUTO_INCREMENT PRIMARY KEY, `min_distance_km` decimal(10,2) not null default '0', `max_distance_km` decimal(10,2), `delivery_fee` decimal(10,2) not null default '0', `created_at` datetime, `updated_at` datetime, `min_order_amount` decimal(10,2) not null default '0');
INSERT INTO `delivery_fee_settings` VALUES(5,0,5,0,'2026-07-03 10:13:46','2026-07-03 10:13:46',500);
CREATE TABLE IF NOT EXISTS `orders` (`id` int(11) NOT NULL AUTO_INCREMENT PRIMARY KEY, `order_number` varchar(255) not null, `customer_name` varchar(255) not null, `customer_email` varchar(255), `customer_phone` varchar(255) not null, `delivery_address` text not null, `city` varchar(255) not null, `subtotal` decimal(10,2) not null, `delivery_fee` decimal(10,2) not null default '2.99', `total` decimal(10,2) not null, `status` varchar(255) not null default ('pending'), `payment_method` varchar(255) not null default ('cash_on_delivery'), `special_instructions` text, `estimated_delivery_at` datetime, `created_at` datetime, `updated_at` datetime, `latitude` decimal(10,2), `longitude` decimal(10,2), `prep_time_minutes` int(11), `order_type` varchar(255) not null default 'delivery', `table_number` varchar(255), `pickup_time` varchar(255), `distance_km` numeric);
INSERT INTO `orders` VALUES(1,'ORD-D6D7D1-20260627','abc','abc@gmail.com','5456767544','Gandhinagar, Gandhinagar Taluka, Gandhinagar, Gujarat, 382007, India','Gandhinagar',468,2.990000000000000213,470.990000000000009,'delivered','razorpay',NULL,'2026-06-27 13:30:17','2026-06-27 12:45:17','2026-07-03 10:06:55',23.18556054573300074,72.63967946816900679,NULL,'delivery',NULL,NULL,7.200000000000000177);
INSERT INTO `orders` VALUES(2,'ORD-2536B2-20260627','yggh','gbv@gmail.com','4444444444','Gandhinagar Bypass Road, Shree Rang Aroma, Gandhinagar, Gandhinagar Taluka, Gandhinagar, Gujarat, 382007, India','Gandhinagar',219,2.990000000000000213,221.990000000000009,'delivered','razorpay',NULL,'2026-06-27 14:31:42','2026-06-27 13:46:42','2026-07-03 10:06:55',23.18563293004800129,72.63948098086099492,NULL,'delivery',NULL,NULL,5.5);
INSERT INTO `orders` VALUES(7,'ORD-20260629-2374','mathu','mathu@gmail.com','7788997766','Vastral, Vatva Taluka, Ahmedabad, Gujarat, 382415, India','Vastral',219,2.990000000000000213,221.990000000000009,'accepted','cash_on_delivery',NULL,'2026-06-29 23:21:49','2026-06-29 23:00:23','2026-07-03 10:06:55',23.0087087555220009,72.65922199747299714,21,'delivery',NULL,NULL,4.599999999999999644);
INSERT INTO `orders` VALUES(8,'ORD-20260629-5317','pavan','pavan@gmail.com','5566778855','Vastral, Vatva Taluka, Ahmedabad, Gujarat, 382415, India','Vastral',219,2.990000000000000213,221.990000000000009,'accepted','cash_on_delivery',NULL,'2026-06-29 23:31:55','2026-06-29 23:12:37','2026-07-03 10:06:55',23.00872969820600034,72.65927775094900198,19,'delivery',NULL,NULL,5.900000000000000355);
INSERT INTO `orders` VALUES(10,'ORD-20260629-4188','poojan','poojan@gmail.com','2233445566','Vastral, Vatva Taluka, Ahmedabad, Gujarat, 382415, India','Vastral',129,2.990000000000000213,131.990000000000009,'accepted','cash_on_delivery',NULL,'2026-06-30 00:06:32','2026-06-29 23:44:03','2026-07-03 10:06:55',23.00878354305400108,72.65922547063999559,16,'delivery',NULL,NULL,7.5);
INSERT INTO `orders` VALUES(11,'ORD-20260629-7097','vaibhav','vaibhav@gmail.com','2233445555','Vastral, Vatva Taluka, Ahmedabad, Gujarat, 382415, India','Vastral',249,2.990000000000000213,251.990000000000009,'accepted','cash_on_delivery',NULL,'2026-06-30 00:09:27','2026-06-29 23:49:32','2026-07-03 10:06:55',23.00879192383100147,72.65924819848899575,19,'delivery',NULL,NULL,7.299999999999999823);
INSERT INTO `orders` VALUES(12,'ORD-20260630-6486','pavan',NULL,'9978475133','Nirant Cross Roads, Sardar Patel Ring Road, Vastral, Vatva Taluka, Ahmedabad, Gujarat, 382433, India','Vastral',219,49,268,'delivered','cash_on_delivery',NULL,'2026-06-30 17:23:39','2026-06-30 17:03:01','2026-07-03 10:06:55',23.00001756887100158,72.65830044855600533,20,'delivery',NULL,NULL,6.900000000000000355);
INSERT INTO `orders` VALUES(13,'ORD-20260630-9620','pavan',NULL,'9978475133','Nirant Cross Roads, Sardar Patel Ring Road, Vastral, Vatva Taluka, Ahmedabad, Gujarat, 382433, India','Vastral',249,49,298,'delivered','cash_on_delivery',NULL,'2026-06-30 17:34:21','2026-06-30 17:16:14','2026-07-03 10:06:55',23.00001715152799875,72.65838374900400253,18,'delivery',NULL,NULL,4);
INSERT INTO `orders` VALUES(14,'ORD-20260630-3188','pavan',NULL,'9978475133','Nirant Cross Roads, Sardar Patel Ring Road, Vastral, Vatva Taluka, Ahmedabad, Gujarat, 382433, India','Vastral',199,49,248,'delivered','cash_on_delivery',NULL,'2026-06-30 17:41:27','2026-06-30 17:21:44','2026-07-03 10:06:55',22.99999724515399891,72.65834601083800238,19,'delivery',NULL,NULL,4.799999999999999823);
INSERT INTO `orders` VALUES(15,'ORD-20260630-4913','pavan',NULL,'9978475133','Nirant Cross Roads, Sardar Patel Ring Road, Vastral, Vatva Taluka, Ahmedabad, Gujarat, 382433, India','Vastral',179,49,228,'delivered','cash_on_delivery',NULL,'2026-06-30 17:49:05','2026-06-30 17:24:16','2026-07-03 10:06:55',23.00001193410200173,72.6582885354220025,18,'delivery',NULL,NULL,6.900000000000000355);
INSERT INTO `orders` VALUES(16,'ORD-20260630-2290','pavan',NULL,'9978475133','Nirant Cross Roads, Sardar Patel Ring Road, Vastral, Vatva Taluka, Ahmedabad, Gujarat, 382433, India','Vastral',199,49,248,'cancelled','cash_on_delivery',NULL,'2026-06-30 18:17:06','2026-06-30 17:32:06','2026-07-03 10:06:55',22.99997192228099862,72.65837369583999817,NULL,'delivery',NULL,NULL,7.5);
INSERT INTO `orders` VALUES(17,'ORD-20260630-4686','pavan',NULL,'9978475133','Nirant Cross Roads, Sardar Patel Ring Road, Vastral, Vatva Taluka, Ahmedabad, Gujarat, 382433, India','Vastral',199,49,248,'cancelled','cash_on_delivery',NULL,'2026-06-30 18:17:40','2026-06-30 17:32:40','2026-07-03 10:06:55',22.99997238764800044,72.65837392241699888,NULL,'delivery',NULL,NULL,5.099999999999999645);
INSERT INTO `orders` VALUES(18,'ORD-20260630-1902','pavan',NULL,'9978475133','Nirant Cross Roads, Sardar Patel Ring Road, Vastral, Vatva Taluka, Ahmedabad, Gujarat, 382433, India','Vastral',129,49,178,'cancelled','cash_on_delivery',NULL,'2026-06-30 18:19:38','2026-06-30 17:34:38','2026-07-03 10:06:55',22.99997213390999917,72.65837371579399929,NULL,'delivery',NULL,NULL,7.599999999999999645);
INSERT INTO `orders` VALUES(19,'ORD-20260630-5603','pavan',NULL,'9978475133','Nirant Cross Roads, Sardar Patel Ring Road, Vastral, Vatva Taluka, Ahmedabad, Gujarat, 382433, India','Vastral',199,49,248,'cancelled','cash_on_delivery',NULL,'2026-06-30 18:21:34','2026-06-30 17:36:34','2026-07-03 10:06:55',23.00004305278099893,72.65833441040000195,NULL,'delivery',NULL,NULL,3.799999999999999823);
INSERT INTO `orders` VALUES(20,'ORD-20260630-3488','pavan',NULL,'9978475133','Nirant Cross Roads, Sardar Patel Ring Road, Vastral, Vatva Taluka, Ahmedabad, Gujarat, 382433, India','Vastral',219,49,268,'cancelled','cash_on_delivery',NULL,'2026-06-30 18:24:01','2026-06-30 17:39:01','2026-07-03 10:06:55',23.00003399234000057,72.65840509510699974,NULL,'delivery',NULL,NULL,4.799999999999999823);
INSERT INTO `orders` VALUES(21,'ORD-20260630-6609','pavan',NULL,'9978475133','Nirant Cross Roads, Sardar Patel Ring Road, Vastral, Vatva Taluka, Ahmedabad, Gujarat, 382433, India','Vastral',209,49,258,'accepted','cash_on_delivery',NULL,'2026-06-30 18:03:27','2026-06-30 17:40:29','2026-07-03 10:06:55',22.99999817258299828,72.65830213667099712,19,'delivery',NULL,NULL,5);
INSERT INTO `orders` VALUES(22,'ORD-20260701-6839','pavan',NULL,'9978475133','Apt/Flat: 118, Building/Landmark: radhe infinity, Gandhinagar, Gandhinagar Taluka, Gandhinagar, Gujarat, 382007, India','Gandhinagar',209,49,258,'delivered','cash_on_delivery',NULL,'2026-07-01 12:39:00','2026-07-01 12:20:52','2026-07-03 10:06:55',23.18550766689299892,72.63947378826399869,18,'delivery',NULL,NULL,6.900000000000000355);
INSERT INTO `orders` VALUES(23,'ORD-20260701-4458','pavan',NULL,'9978475133','Apt/Flat: 118, Building/Landmark: radhe infinity, Gandhinagar, Gandhinagar Taluka, Gandhinagar, Gujarat, 382007, India','Gandhinagar',577,29,606,'delivered','razorpay',NULL,'2026-07-01 12:44:41','2026-07-01 12:24:27','2026-07-03 10:06:55',23.18546084655699958,72.63960145125899714,20,'delivery',NULL,NULL,5.900000000000000355);
INSERT INTO `orders` VALUES(25,'ORD-20260701-8100','parth',NULL,'9978475132','Apt/Flat: 118, Building/Landmark: radhe infinity, Gandhinagar, Gandhinagar Taluka, Gandhinagar, Gujarat, 382007, India','Gandhinagar',288,49,337,'delivered','razorpay',NULL,'2026-07-01 13:50:35','2026-07-01 13:30:19','2026-07-03 10:06:55',23.18551844001000006,72.63957394657499834,20,'delivery',NULL,NULL,7.400000000000000355);
INSERT INTO `orders` VALUES(26,'ORD-20260701-4153','pavan',NULL,'9978475133','Apt/Flat: 20, Building/Landmark: karnawati bunglow 1, Vastral, Vatva Taluka, Ahmedabad, Gujarat, 382415, India','Vastral',149,30,179,'delivered','cash_on_delivery',NULL,'2026-07-01 21:01:36','2026-07-01 20:44:30','2026-07-03 10:06:55',23.00901411618000126,72.65923309366800708,17,'delivery',NULL,NULL,6.599999999999999645);
INSERT INTO `orders` VALUES(27,'ORD-20260701-1204','pavan',NULL,'9978475133','Apt/Flat: 22, Building/Landmark: 2222, Vastral, Vatva Taluka, Ahmedabad, Gujarat, 382415, India','Vastral',139,30,169,'delivered','cash_on_delivery',NULL,'2026-07-01 21:31:07','2026-07-01 21:18:02','2026-07-03 10:06:55',23.00877933266700027,72.65923517921000042,13,'delivery',NULL,NULL,4.299999999999999823);
INSERT INTO `orders` VALUES(30,'ORD-20260702-2936','pavan',NULL,'9978475133','Dine In','Amritsar',189,0,189,'delivered','cash_on_delivery',NULL,'2026-07-02 18:52:11','2026-07-02 18:36:58','2026-07-03 10:06:55',NULL,NULL,15,'dine_in',NULL,'10 minutes (at 06:46 PM)',2);
INSERT INTO `orders` VALUES(31,'ORD-20260702-7047','pavan',NULL,'9099730907','Apt/Flat: 23, Building/Landmark: nirat chokdi, Nirant Cross Roads, Sardar Patel Ring Road, Vastral, Vatva Taluka, Ahmedabad, Gujarat, 382433, India','Vastral',139,30,169,'delivered','cash_on_delivery',NULL,'2026-07-02 19:18:59','2026-07-02 19:05:49','2026-07-03 10:06:55',22.99997129632399862,72.65845372637200228,13,'delivery',NULL,NULL,5.700000000000000177);
INSERT INTO `orders` VALUES(32,'ORD-20260702-8117','poojan',NULL,'9099730907','Apt/Flat: 3, Building/Landmark: karnawati bunglow 1, Nirant Cross Roads, Sardar Patel Ring Road, Vastral, Vatva Taluka, Ahmedabad, Gujarat, 382433, India','Vastral',139,30,169,'delivered','cash_on_delivery',NULL,'2026-07-02 19:28:55','2026-07-02 19:11:49','2026-07-03 10:06:55',23.0000641661290004,72.65834640569900671,17,'delivery',NULL,NULL,3.799999999999999823);
INSERT INTO `orders` VALUES(33,'ORD-20260703-4691','poojan',NULL,'9099730907','Apt/Flat: 20, Building/Landmark: karnawati bunglow 1, Vastral, Vatva Taluka, Ahmedabad, Gujarat, 382415, India','Vastral',149,50,199,'accepted','cash_on_delivery',NULL,'2026-07-03 10:16:22','2026-07-03 10:03:16','2026-07-03 10:06:55',23.00883769582799942,72.65927123373700169,13,'delivery',NULL,NULL,6.5);
INSERT INTO `orders` VALUES(34,'ORD-20260703-4394','pavan',NULL,'9978475133','Dine In','Amritsar',298,0,298,'cancelled','cash_on_delivery',NULL,'2026-07-03 14:43:42','2026-07-03 13:58:42','2026-07-04 14:12:30',NULL,NULL,NULL,'dine_in',NULL,NULL,NULL);
INSERT INTO `orders` VALUES(35,'ORD-20260704-7705','poojan',NULL,'9099730907','Dine In','Amritsar',298,0,298,'delivered','cash_on_delivery',NULL,'2026-07-04 15:26:44','2026-07-04 15:10:29','2026-07-04 15:11:13',NULL,NULL,16,'dine_in',NULL,'10 minutes (at 03:20 PM)',NULL);
CREATE TABLE IF NOT EXISTS `reviews` (`id` int(11) NOT NULL AUTO_INCREMENT PRIMARY KEY, `menu_item_id` int(11) not null, `customer_name` varchar(255) not null, `customer_phone` varchar(255), `rating` int(11) not null default '5', `comment` text not null, `is_approved` tinyint(1) not null default '1', `created_at` datetime, `updated_at` datetime, `admin_reply` text, foreign key(`menu_item_id`) references `menu_items`(`id`) on delete cascade);
INSERT INTO `reviews` VALUES(1,267,'pavan','9978475133',5,'best dishes',1,'2026-07-01 20:45:12','2026-07-01 20:45:12',NULL);
INSERT INTO `reviews` VALUES(2,266,'Amit Patel','9876543210',5,'Swad bohot achha tha! The Amritsari Naan was super crispy and soft inside.',1,'2026-07-01 20:57:44','2026-07-01 21:02:57','Thank you so much for best review!');
CREATE TABLE IF NOT EXISTS `receipt_settings` (`id` int(11) NOT NULL AUTO_INCREMENT PRIMARY KEY, `outlet_name` varchar(255) not null default 'SWAD E PUNJAB', `outlet_address` text, `outlet_phone` varchar(255), `gst_number` varchar(255), `footer_message` varchar(255), `created_at` datetime, `updated_at` datetime, `whatsapp_gateway_url` varchar(255), `whatsapp_gateway_token` varchar(255), `whatsapp_gateway_payload_template` text, `whatsapp_gateway_image_url` varchar(255), `google_maps_api_key` varchar(255), `delivery_base_km` decimal(10,2) not null default '3', `delivery_base_fee` decimal(10,2) not null default '30', `delivery_extra_fee_per_km` decimal(10,2) not null default '10', `delivery_max_distance` decimal(10,2) not null default '15', `delivery_fallback_fee` decimal(10,2) not null default '50');
INSERT INTO `receipt_settings` VALUES(1,'SWAD E PUNJAB','8, Mapple 99 Food County','+91 98765 43210',NULL,'Swad E Punjab Taste of Tradition','2026-07-02 18:48:17','2026-07-02 18:50:12',NULL,NULL,NULL,NULL,NULL,3,30,10,15,50);
CREATE UNIQUE INDEX `users_email_unique` on `users` (`email`);
CREATE INDEX `sessions_user_id_index` on `sessions` (`user_id`);
CREATE INDEX `sessions_last_activity_index` on `sessions` (`last_activity`);
CREATE INDEX `cache_expiration_index` on `cache` (`expiration`);
CREATE INDEX `cache_locks_expiration_index` on `cache_locks` (`expiration`);
CREATE INDEX `jobs_queue_index` on `jobs` (`queue`);
CREATE INDEX `failed_jobs_connection_queue_failed_at_index` on `failed_jobs` (`connection`, `queue`, `failed_at`);
CREATE UNIQUE INDEX `failed_jobs_uuid_unique` on `failed_jobs` (`uuid`);
CREATE INDEX `personal_access_tokens_tokenable_type_tokenable_id_index` on `personal_access_tokens` (`tokenable_type`, `tokenable_id`);
CREATE UNIQUE INDEX `personal_access_tokens_token_unique` on `personal_access_tokens` (`token`);
CREATE INDEX `personal_access_tokens_expires_at_index` on `personal_access_tokens` (`expires_at`);
CREATE UNIQUE INDEX `categories_slug_unique` on `categories` (`slug`);
CREATE UNIQUE INDEX `orders_order_number_unique` on `orders` (`order_number`);

SET FOREIGN_KEY_CHECKS=1;
